
	<!DOCTYPE project [
		<!ELEMENT project (objectids-table | current-scenario | duration | aggregation-period | truncated-mean | percentile)* >
	
		<!ELEMENT objectids-table (objectids-entry)* >
		<!ELEMENT objectids-entry (#PCDATA)>
		<!ELEMENT duration (#PCDATA)>
		<!ELEMENT truncated-mean (#PCDATA)>
		<!ELEMENT percentile (#PCDATA)>
		<!ELEMENT aggregation-period (#PCDATA)>
		<!ELEMENT current-scenario (#PCDATA)>
		<!ATTLIST duration
		    value CDATA #REQUIRED>
	    <!ATTLIST aggregation-period
		    value CDATA #REQUIRED>
		<!ATTLIST objectids-entry
		    objectid CDATA #REQUIRED
		    type CDATA #REQUIRED
		    value CDATA #REQUIRED
		    key CDATA #REQUIRED>
		<!ATTLIST truncated-mean
		    centered-interval CDATA #REQUIRED
		    percentage CDATA #REQUIRED>
		 <!ATTLIST percentile
		    percentage CDATA #REQUIRED>
	]>


<!--****** RUNTIME PROJECT ******--><project>
<!--****** CURRENT SCENARIO ******-->
<current-scenario>PetstoreScenario</current-scenario>
<!--****** OBJECTIDS ******-->
<objectids-table>
<objectids-entry key="" objectid="0" type="LG_HOST" value="localhost:7100"/>
<objectids-entry key="" objectid="1" type="ZONE" value="Zone par défaut"/>
<objectids-entry key="Zone par défaut¤Petstore¤" objectid="2" type="POPULATION" value="Petstore"/>
<objectids-entry key="Zone par défaut¤Petstore¤Buyer_auto" objectid="78" type="VIRTUAL_USER" value="Buyer_auto"/>
<objectids-entry key="Zone par défaut¤Petstore¤Buyer_auto" objectid="79" type="BASIC_LOGICAL_CONTAINER" value="$parent=Buyer_auto;$index=0"/>
<objectids-entry key="Zone par défaut¤Petstore¤Buyer_auto" objectid="80" type="BASIC_LOGICAL_CONTAINER" value="$parent=Buyer_auto;$index=1"/>
<objectids-entry key="Zone par défaut¤Petstore¤Buyer_auto" objectid="81" type="BASIC_LOGICAL_CONTAINER" value="5a8aa962-9004-4ee9-8b8e-710ceee562a8"/>
<objectids-entry key="Zone par défaut¤Petstore¤Buyer_auto" objectid="82" type="HTTP_PAGE" value="988a2ac7-1e63-4fbc-9f98-47f3d37399df"/>
<objectids-entry key="Zone par défaut¤Petstore¤Buyer_auto" objectid="83" type="ACTION" value="32303f39-21de-47a8-bcff-435686de18b2"/>
<objectids-entry key="Zone par défaut¤Petstore¤Buyer_auto" objectid="84" type="ACTION" value="8d685aa6-809b-484f-836b-15f5b2228091"/>
<objectids-entry key="Zone par défaut¤Petstore¤Buyer_auto" objectid="85" type="ACTION" value="bcfbc203-9036-46ba-b91b-d4a2f00c39cc"/>
<objectids-entry key="Zone par défaut¤Petstore¤Buyer_auto" objectid="86" type="ACTION" value="6d6c26b7-b511-4bdd-a6d2-e0ab7608b9e9"/>
<objectids-entry key="Zone par défaut¤Petstore¤Buyer_auto" objectid="87" type="ACTION" value="1f9acf59-a990-4c6f-991b-35353d1de519"/>
<objectids-entry key="Zone par défaut¤Petstore¤Buyer_auto" objectid="88" type="ACTION" value="e8fda4ce-3dcd-46c7-93ff-f9eb991a84c7"/>
<objectids-entry key="Zone par défaut¤Petstore¤Buyer_auto" objectid="89" type="ACTION" value="64638630-e890-4f97-93f5-5074edb63cab"/>
<objectids-entry key="Zone par défaut¤Petstore¤Buyer_auto" objectid="90" type="ACTION" value="631febe5-a057-4b2f-a67b-f64e58db0d32"/>
<objectids-entry key="Zone par défaut¤Petstore¤Buyer_auto" objectid="91" type="ACTION" value="2d8d89df-ca30-4300-a203-d3dc130e996f"/>
<objectids-entry key="Zone par défaut¤Petstore¤Buyer_auto" objectid="92" type="ACTION" value="5a403a3c-2f1d-41d0-8124-c374edd9783c"/>
<objectids-entry key="Zone par défaut¤Petstore¤Buyer_auto" objectid="93" type="BASIC_LOGICAL_CONTAINER" value="833b1864-e6b1-4b31-ac91-3ae92e3f59c1"/>
<objectids-entry key="Zone par défaut¤Petstore¤Buyer_auto" objectid="94" type="HTTP_PAGE" value="5caf7cac-cbe8-4601-879c-9ab337c33997"/>
<objectids-entry key="Zone par défaut¤Petstore¤Buyer_auto" objectid="95" type="ACTION" value="0772df9c-fd56-4eb7-bfec-5d532383b13b"/>
<objectids-entry key="Zone par défaut¤Petstore¤Buyer_auto" objectid="96" type="ACTION" value="862364d6-d737-45d2-badd-9ffda0998bda"/>
<objectids-entry key="Zone par défaut¤Petstore¤Buyer_auto" objectid="97" type="ACTION" value="6a4b0f42-e75c-4985-ac2c-c4f168734d7d"/>
<objectids-entry key="Zone par défaut¤Petstore¤Buyer_auto" objectid="98" type="ACTION" value="159bc4be-f838-40f3-8959-f430dc8875c7"/>
<objectids-entry key="Zone par défaut¤Petstore¤Buyer_auto" objectid="99" type="ACTION" value="73846d1e-6421-4cd4-927f-639ebbe2b080"/>
<objectids-entry key="Zone par défaut¤Petstore¤Buyer_auto" objectid="100" type="ACTION" value="b5669fb1-2a78-436f-93ee-6c77a19ec67d"/>
<objectids-entry key="Zone par défaut¤Petstore¤Buyer_auto" objectid="101" type="ACTION" value="f2e1be1b-9f25-4972-b6da-eb21ceb706f7"/>
<objectids-entry key="Zone par défaut¤Petstore¤Buyer_auto" objectid="102" type="ACTION" value="9cdee1e0-24ac-4091-801d-47e88736fa48"/>
<objectids-entry key="Zone par défaut¤Petstore¤Buyer_auto" objectid="103" type="ACTION" value="d5341341-6f32-4736-8ae5-cfb1ae491fc4"/>
<objectids-entry key="Zone par défaut¤Petstore¤Buyer_auto" objectid="104" type="ACTION" value="a88b22da-8fcf-4821-a32c-fb773149df1f"/>
<objectids-entry key="Zone par défaut¤Petstore¤Buyer_auto" objectid="105" type="ACTION" value="5e03a8c2-5c84-4a72-ab3a-c8c5042387be"/>
<objectids-entry key="Zone par défaut¤Petstore¤Buyer_auto" objectid="106" type="ACTION" value="b0912886-1a76-43eb-b8fa-f46662fade04"/>
<objectids-entry key="Zone par défaut¤Petstore¤Buyer_auto" objectid="107" type="BASIC_LOGICAL_CONTAINER" value="24640227-8129-4745-a361-e4a1d782a192"/>
<objectids-entry key="Zone par défaut¤Petstore¤Buyer_auto" objectid="108" type="HTTP_PAGE" value="cd85a9fc-fb69-4128-aaa6-71d1399b185f"/>
<objectids-entry key="Zone par défaut¤Petstore¤Buyer_auto" objectid="109" type="ACTION" value="374da3b0-e044-4f80-a370-a6d2d0373f64"/>
<objectids-entry key="Zone par défaut¤Petstore¤Buyer_auto" objectid="110" type="ACTION" value="44c33517-4a59-4a0c-890c-2a6e29eeceb5"/>
<objectids-entry key="Zone par défaut¤Petstore¤Buyer_auto" objectid="111" type="ACTION" value="3a22d452-99f5-4d47-9d1e-af5f4bc6294c"/>
<objectids-entry key="Zone par défaut¤Petstore¤Buyer_auto" objectid="112" type="BASIC_LOGICAL_CONTAINER" value="443aa719-1d64-4bd7-8c42-de4f4f5f7661"/>
<objectids-entry key="Zone par défaut¤Petstore¤Buyer_auto" objectid="113" type="HTTP_PAGE" value="2f6a7f01-d46a-4ed3-9d7a-2bb4a2954283"/>
<objectids-entry key="Zone par défaut¤Petstore¤Buyer_auto" objectid="114" type="ACTION" value="5bd2d87d-d7ed-4f3b-b8a8-d3758e79c345"/>
<objectids-entry key="Zone par défaut¤Petstore¤Buyer_auto" objectid="115" type="ACTION" value="7da00010-50c1-4215-903c-9ae6b89b7137"/>
<objectids-entry key="Zone par défaut¤Petstore¤Buyer_auto" objectid="116" type="ACTION" value="c18acfcb-fbb6-44fc-a7b4-b21f8ba76851"/>
<objectids-entry key="Zone par défaut¤Petstore¤Buyer_auto" objectid="117" type="ACTION" value="ca2b0c48-043a-4ddc-9ac3-d54866943c7c"/>
<objectids-entry key="Zone par défaut¤Petstore¤Buyer_auto" objectid="118" type="BASIC_LOGICAL_CONTAINER" value="3959780e-7133-49f3-afd5-314865fdd5ed"/>
<objectids-entry key="Zone par défaut¤Petstore¤Buyer_auto" objectid="119" type="HTTP_PAGE" value="37224786-6769-483f-ab45-fa840e127c3e"/>
<objectids-entry key="Zone par défaut¤Petstore¤Buyer_auto" objectid="120" type="ACTION" value="8c8ca649-ff54-426a-9643-d2cf60bf7c8f"/>
<objectids-entry key="Zone par défaut¤Petstore¤Buyer_auto" objectid="121" type="ACTION" value="d892abdf-56ca-46ef-adad-a8d656a857a4"/>
<objectids-entry key="Zone par défaut¤Petstore¤Buyer_auto" objectid="122" type="BASIC_LOGICAL_CONTAINER" value="521b04c9-6508-4feb-9fea-37f88b3ffcb1"/>
<objectids-entry key="Zone par défaut¤Petstore¤Buyer_auto" objectid="123" type="HTTP_PAGE" value="ccab0028-4d75-48f7-9387-146488c5ff55"/>
<objectids-entry key="Zone par défaut¤Petstore¤Buyer_auto" objectid="124" type="ACTION" value="d2291b25-9eec-4956-a148-5765cb7ffe18"/>
<objectids-entry key="Zone par défaut¤Petstore¤Buyer_auto" objectid="125" type="ACTION" value="ec72e592-0e19-41c8-8f7e-5127bcc3ccd9"/>
<objectids-entry key="Zone par défaut¤Petstore¤Buyer_auto" objectid="126" type="BASIC_LOGICAL_CONTAINER" value="7672b164-5e5a-41b8-8050-ee09da06af46"/>
<objectids-entry key="Zone par défaut¤Petstore¤Buyer_auto" objectid="127" type="HTTP_PAGE" value="b0cce660-3955-46ec-9483-b748c0f1e7a2"/>
<objectids-entry key="Zone par défaut¤Petstore¤Buyer_auto" objectid="128" type="ACTION" value="0be6b384-00ca-46a2-90e1-ec08ed9d704e"/>
<objectids-entry key="Zone par défaut¤Petstore¤Buyer_auto" objectid="129" type="ACTION" value="3a8293c7-fecd-4cb6-9dc9-74e40deea553"/>
<objectids-entry key="Zone par défaut¤Petstore¤Buyer_auto" objectid="130" type="BASIC_LOGICAL_CONTAINER" value="ca5dec63-6f0a-421f-b616-757fb5a27f62"/>
<objectids-entry key="Zone par défaut¤Petstore¤Buyer_auto" objectid="131" type="HTTP_PAGE" value="fc8dc9a0-3318-4cb4-8579-361ea3dc64c8"/>
<objectids-entry key="Zone par défaut¤Petstore¤Buyer_auto" objectid="132" type="ACTION" value="703d5176-9f3a-447f-a7df-d1fdd820d049"/>
<objectids-entry key="Zone par défaut¤Petstore¤Buyer_auto" objectid="133" type="ACTION" value="ea838695-7262-4c53-985b-63588dc5ee8c"/>
<objectids-entry key="Zone par défaut¤Petstore¤Buyer_auto" objectid="134" type="ACTION" value="4f4ab796-b4c5-433a-9334-f3446af3d495"/>
<objectids-entry key="Zone par défaut¤Petstore¤Buyer_auto" objectid="135" type="ACTION" value="141e45cc-2080-41c9-9bbe-e63a7a2296dc"/>
<objectids-entry key="Zone par défaut¤Petstore¤Buyer_auto" objectid="136" type="BASIC_LOGICAL_CONTAINER" value="fb7d5776-044c-4470-8e8a-1000d74de6d6"/>
<objectids-entry key="Zone par défaut¤Petstore¤Buyer_auto" objectid="137" type="HTTP_PAGE" value="600a002f-1049-4a4d-bca2-f9184d0aa78c"/>
<objectids-entry key="Zone par défaut¤Petstore¤Buyer_auto" objectid="138" type="ACTION" value="eb9e3b4f-f969-48e0-bae7-a19ebf41e801"/>
<objectids-entry key="Zone par défaut¤Petstore¤Buyer_auto" objectid="139" type="ACTION" value="d2b41f08-a3da-4ce5-8aa8-a44cd7bb933f"/>
<objectids-entry key="Zone par défaut¤Petstore¤Buyer_auto" objectid="140" type="BASIC_LOGICAL_CONTAINER" value="5d81f098-602f-4f75-9a81-e63c776b8fd4"/>
<objectids-entry key="Zone par défaut¤Petstore¤Buyer_auto" objectid="141" type="HTTP_PAGE" value="e01c613a-0844-4735-9f05-9fe6e5762a9d"/>
<objectids-entry key="Zone par défaut¤Petstore¤Buyer_auto" objectid="142" type="ACTION" value="098a8141-4964-466f-91ac-df63c951cc11"/>
<objectids-entry key="Zone par défaut¤Petstore¤Buyer_auto" objectid="143" type="BASIC_LOGICAL_CONTAINER" value="20992521-96aa-4e8a-b0c1-f565edf8dbea"/>
<objectids-entry key="Zone par défaut¤Petstore¤Buyer_auto" objectid="144" type="HTTP_PAGE" value="43280c2e-88b0-4c7a-935d-3e19f57a1e0c"/>
<objectids-entry key="Zone par défaut¤Petstore¤Buyer_auto" objectid="145" type="ACTION" value="5f19cc95-5e18-422b-80ce-27d43f38e72e"/>
<objectids-entry key="Zone par défaut¤Petstore¤Buyer_auto" objectid="146" type="BASIC_LOGICAL_CONTAINER" value="c1dcd976-f126-454e-ae39-e78c8b883521"/>
<objectids-entry key="Zone par défaut¤Petstore¤Buyer_auto" objectid="147" type="HTTP_PAGE" value="34e7981b-2dff-46bb-b7ed-cda94c3396e0"/>
<objectids-entry key="Zone par défaut¤Petstore¤Buyer_auto" objectid="148" type="ACTION" value="b28f6349-d9e4-4293-a043-201708333d06"/>
<objectids-entry key="Zone par défaut¤Petstore¤Buyer_auto" objectid="149" type="BASIC_LOGICAL_CONTAINER" value="73777e1b-2a70-43ed-b83b-2565f48f88ee"/>
<objectids-entry key="Zone par défaut¤Petstore¤Buyer_auto" objectid="150" type="HTTP_PAGE" value="16f7f819-6bbb-4e12-b9d1-a8b240ac5b82"/>
<objectids-entry key="Zone par défaut¤Petstore¤Buyer_auto" objectid="151" type="ACTION" value="cf251977-c51a-43a5-8cc8-cce9a5d3c603"/>
<objectids-entry key="Zone par défaut¤Petstore¤Buyer_auto" objectid="152" type="BASIC_LOGICAL_CONTAINER" value="$parent=Buyer_auto;$index=2"/>
<objectids-entry key="Zone par défaut¤Petstore¤Search" objectid="153" type="VIRTUAL_USER" value="Search"/>
<objectids-entry key="Zone par défaut¤Petstore¤Search" objectid="154" type="BASIC_LOGICAL_CONTAINER" value="$parent=Search;$index=0"/>
<objectids-entry key="Zone par défaut¤Petstore¤Search" objectid="155" type="BASIC_LOGICAL_CONTAINER" value="$parent=Search;$index=1"/>
<objectids-entry key="Zone par défaut¤Petstore¤Search" objectid="156" type="BASIC_LOGICAL_CONTAINER" value="87993aee-1f72-4d4e-99e2-a08fb4ce9c89"/>
<objectids-entry key="Zone par défaut¤Petstore¤Search" objectid="157" type="HTTP_PAGE" value="844654a7-9dfc-40bf-8a81-933bc0db14ac"/>
<objectids-entry key="Zone par défaut¤Petstore¤Search" objectid="158" type="ACTION" value="f1db87ad-0c36-47ad-a067-c1ee73c81c9a"/>
<objectids-entry key="Zone par défaut¤Petstore¤Search" objectid="159" type="ACTION" value="139ce105-d527-4261-ba52-96b802574ec5"/>
<objectids-entry key="Zone par défaut¤Petstore¤Search" objectid="160" type="ACTION" value="ab70915a-5c69-48b0-b8b4-e264be5977a4"/>
<objectids-entry key="Zone par défaut¤Petstore¤Search" objectid="161" type="ACTION" value="a1d85804-5a45-4936-9fb3-731d661dc85a"/>
<objectids-entry key="Zone par défaut¤Petstore¤Search" objectid="162" type="ACTION" value="f60b826b-7bf4-4ec2-817b-234bbc43c16b"/>
<objectids-entry key="Zone par défaut¤Petstore¤Search" objectid="163" type="ACTION" value="eb96b7a5-7d31-451c-8f52-53d045b2f238"/>
<objectids-entry key="Zone par défaut¤Petstore¤Search" objectid="164" type="ACTION" value="deb7e8ef-d788-4d62-b3be-41eafbe6db87"/>
<objectids-entry key="Zone par défaut¤Petstore¤Search" objectid="165" type="ACTION" value="af21d4f5-d2ab-447c-a7ba-eb62da90349c"/>
<objectids-entry key="Zone par défaut¤Petstore¤Search" objectid="166" type="ACTION" value="303cd3ef-8c5a-42c7-b624-9aba94fe2d93"/>
<objectids-entry key="Zone par défaut¤Petstore¤Search" objectid="167" type="ACTION" value="eac73438-59d8-496f-980f-4b5f647798a5"/>
<objectids-entry key="Zone par défaut¤Petstore¤Search" objectid="168" type="BASIC_LOGICAL_CONTAINER" value="60832907-387a-4976-8ccf-f8dc74fc7162"/>
<objectids-entry key="Zone par défaut¤Petstore¤Search" objectid="169" type="HTTP_PAGE" value="1b2ce042-3c8a-4bb3-baaa-5aedbd098e1d"/>
<objectids-entry key="Zone par défaut¤Petstore¤Search" objectid="170" type="ACTION" value="95bd57d5-904b-46a8-b885-6b82f423f759"/>
<objectids-entry key="Zone par défaut¤Petstore¤Search" objectid="171" type="ACTION" value="36efb6f5-169e-4e43-aa16-dc5c6c771329"/>
<objectids-entry key="Zone par défaut¤Petstore¤Search" objectid="172" type="ACTION" value="72b8884e-e601-4cd4-bb45-ac1b55ee01af"/>
<objectids-entry key="Zone par défaut¤Petstore¤Search" objectid="173" type="ACTION" value="a2c0ae64-9306-4d7e-9c75-5cf1b026794b"/>
<objectids-entry key="Zone par défaut¤Petstore¤Search" objectid="174" type="ACTION" value="6f617f57-d968-4c9f-925a-cdd2c015e64b"/>
<objectids-entry key="Zone par défaut¤Petstore¤Search" objectid="175" type="ACTION" value="565241d0-ee13-4f11-90c9-9222659186da"/>
<objectids-entry key="Zone par défaut¤Petstore¤Search" objectid="176" type="ACTION" value="0c421c4f-481f-470b-adbd-66254cf83913"/>
<objectids-entry key="Zone par défaut¤Petstore¤Search" objectid="177" type="ACTION" value="ab6996c5-40b5-4eea-ae74-9b37ddd4c1f3"/>
<objectids-entry key="Zone par défaut¤Petstore¤Search" objectid="178" type="ACTION" value="92ab9937-7ab4-4664-8ebf-3fba478f859e"/>
<objectids-entry key="Zone par défaut¤Petstore¤Search" objectid="179" type="ACTION" value="2b2cd60c-93ed-4b33-9b91-3bc7ec14ef99"/>
<objectids-entry key="Zone par défaut¤Petstore¤Search" objectid="180" type="ACTION" value="b5b3f0de-d512-4397-bcbc-f8a8aafd3b8c"/>
<objectids-entry key="Zone par défaut¤Petstore¤Search" objectid="181" type="ACTION" value="788ead08-a4b4-4e4e-96cc-dfcb02aca153"/>
<objectids-entry key="Zone par défaut¤Petstore¤Search" objectid="182" type="LOOP" value="0beac50a-f259-4981-ba73-5c8166c0807c"/>
<objectids-entry key="Zone par défaut¤Petstore¤Search" objectid="183" type="BASIC_LOGICAL_CONTAINER" value="45299c5e-f1d0-4e9b-86c9-8af75bb7c436"/>
<objectids-entry key="Zone par défaut¤Petstore¤Search" objectid="184" type="HTTP_PAGE" value="63fef2f2-5f89-4422-afe3-1836d4ec6ed1"/>
<objectids-entry key="Zone par défaut¤Petstore¤Search" objectid="185" type="ACTION" value="758be65b-147b-4610-a9ae-03a4936bc299"/>
<objectids-entry key="Zone par défaut¤Petstore¤Search" objectid="186" type="ACTION" value="353d0d30-659e-46cb-9f95-b4312afbd21f"/>
<objectids-entry key="Zone par défaut¤Petstore¤Search" objectid="187" type="BASIC_LOGICAL_CONTAINER" value="1acb3b7a-25e8-42c8-9ed4-1cadbd8fba13"/>
<objectids-entry key="Zone par défaut¤Petstore¤Search" objectid="188" type="HTTP_PAGE" value="d3ba4917-28f1-4d07-a8aa-8f1105f03294"/>
<objectids-entry key="Zone par défaut¤Petstore¤Search" objectid="189" type="ACTION" value="dd68dddb-8b81-4594-b5d6-e65d804c9374"/>
<objectids-entry key="Zone par défaut¤Petstore¤Search" objectid="190" type="ACTION" value="c63670f1-b103-4dda-91c5-6e9680258ddc"/>
<objectids-entry key="Zone par défaut¤Petstore¤Search" objectid="191" type="TRY" value="6392c73b-824f-48c1-b53b-b6ab68ced523"/>
<objectids-entry key="Zone par défaut¤Petstore¤Search" objectid="192" type="BASIC_LOGICAL_CONTAINER" value="$parent=6392c73b-824f-48c1-b53b-b6ab68ced523;$index=0"/>
<objectids-entry key="Zone par défaut¤Petstore¤Search" objectid="193" type="BASIC_LOGICAL_CONTAINER" value="2ec5a07f-d07b-41aa-81f8-55be5dea2563"/>
<objectids-entry key="Zone par défaut¤Petstore¤Search" objectid="194" type="HTTP_PAGE" value="62ccd779-57fb-4026-9de5-f9b91783076a"/>
<objectids-entry key="Zone par défaut¤Petstore¤Search" objectid="195" type="ACTION" value="18149bf8-48a9-434d-ad34-67d37bd0a494"/>
<objectids-entry key="Zone par défaut¤Petstore¤Search" objectid="196" type="IF" value="73ebe8ea-ee94-4aec-b6da-54b59d1af2ac"/>
<objectids-entry key="Zone par défaut¤Petstore¤Search" objectid="197" type="BASIC_LOGICAL_CONTAINER" value="$parent=73ebe8ea-ee94-4aec-b6da-54b59d1af2ac;$index=0"/>
<objectids-entry key="Zone par défaut¤Petstore¤Search" objectid="198" type="BASIC_LOGICAL_CONTAINER" value="$parent=73ebe8ea-ee94-4aec-b6da-54b59d1af2ac;$index=1"/>
<objectids-entry key="Zone par défaut¤Petstore¤Search" objectid="199" type="BASIC_LOGICAL_CONTAINER" value="$parent=6392c73b-824f-48c1-b53b-b6ab68ced523;$index=1"/>
<objectids-entry key="Zone par défaut¤Petstore¤Search" objectid="200" type="STOP_VU" value="d270d98e-45ab-4fea-b669-e3c28674fde5"/>
<objectids-entry key="Zone par défaut¤Petstore¤Search" objectid="201" type="BASIC_LOGICAL_CONTAINER" value="$parent=Search;$index=2"/>
<objectids-entry key="¤¤" objectid="202" type="MONITORED_HOST" value="35.180.156.209"/>
<objectids-entry key="¤¤" objectid="203" type="MONITORCONNECTION" value="35.180.156.209$mysql"/>
<objectids-entry key="¤¤" objectid="204" type="MONITOR" value="35.180.156.209$mysql$Connections/ threads connected"/>
<objectids-entry key="¤¤" objectid="205" type="MONITOR" value="35.180.156.209$mysql$Connections/ aborted clients"/>
<objectids-entry key="¤¤" objectid="206" type="THRESHOLD" value="35.180.156.209$mysql$a1c647e4-0497-4f16-a5ea-9927e3659147"/>
<objectids-entry key="¤¤" objectid="207" type="MONITOR" value="35.180.156.209$mysql$Connections/ aborted connects"/>
<objectids-entry key="¤¤" objectid="208" type="THRESHOLD" value="35.180.156.209$mysql$cabe8c70-41dc-41b5-9242-7c9767c2f29f"/>
<objectids-entry key="¤¤" objectid="209" type="MONITOR" value="35.180.156.209$mysql$Connections/ max used"/>
<objectids-entry key="¤¤" objectid="210" type="MONITOR" value="35.180.156.209$mysql$Select Rates/ select full join"/>
<objectids-entry key="¤¤" objectid="211" type="THRESHOLD" value="35.180.156.209$mysql$9256b650-30ca-4d8f-8f71-20ab0f861569"/>
<objectids-entry key="¤¤" objectid="212" type="MONITOR" value="35.180.156.209$mysql$Select Rates/ select range check"/>
<objectids-entry key="¤¤" objectid="213" type="MONITOR" value="35.180.156.209$mysql$Read Rates/ handler read random"/>
<objectids-entry key="¤¤" objectid="214" type="MONITOR" value="35.180.156.209$mysql$Read Rates/ handler read random next"/>
<objectids-entry key="¤¤" objectid="215" type="MONITOR" value="35.180.156.209$mysql$Key Rates/ key reads (disk)"/>
<objectids-entry key="¤¤" objectid="216" type="MONITOR" value="35.180.156.209$mysql$Key Rates/ key writes (disk)"/>
<objectids-entry key="¤¤" objectid="217" type="MONITOR" value="35.180.156.209$mysql$Commands Rates/ handler rollback"/>
<objectids-entry key="¤¤" objectid="218" type="MONITOR" value="35.180.156.209$mysql$Commands Rates/ handler savepoint rollback"/>
<objectids-entry key="¤¤" objectid="219" type="MONITOR" value="35.180.156.209$mysql$Tables/ table locks waited"/>
<objectids-entry key="¤¤" objectid="220" type="THRESHOLD" value="35.180.156.209$mysql$2572d2a3-9e63-4289-99d8-855e1cf5d5df"/>
<objectids-entry key="¤¤" objectid="221" type="MONITOR" value="35.180.156.209$mysql$Memory/ % key buffer size"/>
<objectids-entry key="¤¤" objectid="222" type="THRESHOLD" value="35.180.156.209$mysql$56a0f6db-c29a-4efa-89de-1400f0d96533"/>
<objectids-entry key="¤¤" objectid="223" type="MONITOR" value="35.180.156.209$mysql$Misc./ slow queries"/>
<objectids-entry key="¤¤" objectid="224" type="THRESHOLD" value="35.180.156.209$mysql$9cd9b3ac-2cd2-4f35-aaa3-69a9e7e924c2"/>
<objectids-entry key="¤¤" objectid="225" type="MONITOR" value="35.180.156.209$mysql$Misc./ slow launch threads"/>
<objectids-entry key="¤¤" objectid="226" type="MONITOR" value="35.180.156.209$mysql$Misc./ sort merge passes"/>
<objectids-entry key="¤¤" objectid="227" type="THRESHOLD" value="35.180.156.209$mysql$af76c668-be0c-4258-abd4-d08d2d29d742"/>
<objectids-entry key="¤¤" objectid="228" type="MONITOR" value="35.180.156.209$mysql$Misc./ not flushed delayed rows"/>
<objectids-entry key="¤¤" objectid="229" type="MONITOR" value="35.180.156.209$mysql$Description/ Database Version"/>
<objectids-entry key="¤¤" objectid="230" type="MONITORCONNECTION" value="35.180.156.209$http-apache"/>
<objectids-entry key="¤¤" objectid="231" type="MONITORCONNECTION" value="35.180.156.209$tomcat"/>
<objectids-entry key="¤¤" objectid="232" type="MONITORED_HOST" value="NeoLoad"/>
<objectids-entry key="¤¤" objectid="233" type="MONITORCONNECTION" value="NeoLoad$NeoLoad"/>
<objectids-entry key="¤¤" objectid="234" type="MONITOR" value="NeoLoad$NeoLoad$UserLoad"/>
<objectids-entry key="¤¤" objectid="235" type="MONITOR" value="NeoLoad$NeoLoad$throughput"/>
<objectids-entry key="¤¤" objectid="236" type="MONITOR" value="NeoLoad$NeoLoad$Alerts"/>
<objectids-entry key="¤¤" objectid="237" type="MONITOR" value="NeoLoad$NeoLoad$CriticalAlerts"/>
<objectids-entry key="¤¤" objectid="238" type="MONITOR" value="NeoLoad$NeoLoad$WarningAlerts"/>
<objectids-entry key="¤¤" objectid="239" type="MONITOR" value="NeoLoad$NeoLoad$cpu"/>
<objectids-entry key="¤¤" objectid="240" type="THRESHOLD" value="NeoLoad$NeoLoad$a33ad5e2-94c4-4bb8-90e7-217c907bde6d"/>
<objectids-entry key="¤¤" objectid="241" type="MONITOR" value="NeoLoad$NeoLoad$memory"/>
<objectids-entry key="¤¤" objectid="242" type="THRESHOLD" value="NeoLoad$NeoLoad$041d9b65-2ebc-4679-8195-3c50bc04b722"/>
<objectids-entry key="¤¤" objectid="243" type="MONITOR" value="NeoLoad$NeoLoad$threadcount"/>
<objectids-entry key="¤¤" objectid="244" type="MONITOR" value="NeoLoad$NeoLoad$connectedlg"/>
<objectids-entry key="¤¤" objectid="245" type="MONITOR" value="NeoLoad$NeoLoad$totallgdisconnections"/>
<objectids-entry key="¤¤" objectid="246" type="THRESHOLD" value="NeoLoad$NeoLoad$1db418f0-f8ea-47e2-b84c-edbcf8442331"/>
<objectids-entry key="¤¤" objectid="247" type="MONITOR" value="NeoLoad$NeoLoad$totallgreconnections"/>
<objectids-entry key="¤¤" objectid="248" type="MONITOR" value="NeoLoad$NeoLoad$otcp.NeoLoad"/>
<objectids-entry key="¤¤" objectid="249" type="MONITOR" value="NeoLoad$NeoLoad$tcp.NeoLoad"/>
<objectids-entry key="¤¤" objectid="250" type="MONITOR" value="NeoLoad$NeoLoad$ibytesperinterface~NeoLoad~wlan1"/>
<objectids-entry key="¤¤" objectid="251" type="MONITOR" value="NeoLoad$NeoLoad$obytesperinterface~NeoLoad~wlan1"/>
<objectids-entry key="¤¤" objectid="252" type="MONITOR" value="NeoLoad$NeoLoad$ibytesperinterface~NeoLoad~eth8"/>
<objectids-entry key="¤¤" objectid="253" type="MONITOR" value="NeoLoad$NeoLoad$obytesperinterface~NeoLoad~eth8"/>
<objectids-entry key="¤¤" objectid="254" type="MONITOR" value="NeoLoad$NeoLoad$ibytesperinterface~NeoLoad~wlan0"/>
<objectids-entry key="¤¤" objectid="255" type="MONITOR" value="NeoLoad$NeoLoad$obytesperinterface~NeoLoad~wlan0"/>
<objectids-entry key="¤¤" objectid="256" type="MONITOR" value="NeoLoad$NeoLoad$ibytesperinterface~NeoLoad~eth3"/>
<objectids-entry key="¤¤" objectid="257" type="MONITOR" value="NeoLoad$NeoLoad$obytesperinterface~NeoLoad~eth3"/>
<objectids-entry key="¤¤" objectid="258" type="MONITOR" value="NeoLoad$NeoLoad$ibytesperinterface~NeoLoad~eth2"/>
<objectids-entry key="¤¤" objectid="259" type="MONITOR" value="NeoLoad$NeoLoad$obytesperinterface~NeoLoad~eth2"/>
<objectids-entry key="¤¤" objectid="260" type="MONITOR" value="NeoLoad$NeoLoad$nlwebdownload"/>
<objectids-entry key="¤¤" objectid="261" type="MONITOR" value="NeoLoad$NeoLoad$nlwebupload"/>
<objectids-entry key="¤¤" objectid="262" type="MONITOR" value="NeoLoad$NeoLoad$SapUserLoad"/>
<objectids-entry key="¤¤" objectid="263" type="MONITOR" value="NeoLoad$NeoLoad$CitrixUserLoad"/>
<objectids-entry key="¤¤" objectid="264" type="MONITOR" value="NeoLoad$NeoLoad$zoneuserload~Zone par défaut"/>
<objectids-entry key="¤¤" objectid="265" type="MONITOR" value="NeoLoad$NeoLoad$zoneuserloadperpopulation~Zone par défaut~Petstore"/>
<objectids-entry key="¤¤" objectid="266" type="MONITOR" value="NeoLoad$NeoLoad$zoneuserloadperpopulation~Zone par défaut~Petstore~Buyer_auto"/>
<objectids-entry key="¤¤" objectid="267" type="MONITOR" value="NeoLoad$NeoLoad$zoneuserloadperpopulation~Zone par défaut~Petstore~Search"/>
<objectids-entry key="¤¤" objectid="268" type="MONITORED_HOST" value="Injecteur localhost:7100"/>
<objectids-entry key="¤¤" objectid="269" type="MONITORCONNECTION" value="Injecteur localhost:7100$NeoLoad"/>
<objectids-entry key="¤¤" objectid="270" type="MONITOR" value="Injecteur localhost:7100$NeoLoad$lgcpu.localhost:7100"/>
<objectids-entry key="¤¤" objectid="271" type="THRESHOLD" value="Injecteur localhost:7100$NeoLoad$00a3b7ae-c1d1-4e6c-84cc-e7dbbdcbca82"/>
<objectids-entry key="¤¤" objectid="272" type="MONITOR" value="Injecteur localhost:7100$NeoLoad$lgmemory.localhost:7100"/>
<objectids-entry key="¤¤" objectid="273" type="THRESHOLD" value="Injecteur localhost:7100$NeoLoad$c976e22e-14aa-49a8-b59a-bd8ec5e95d23"/>
<objectids-entry key="¤¤" objectid="274" type="MONITOR" value="Injecteur localhost:7100$NeoLoad$lgthroughput.localhost:7100"/>
<objectids-entry key="¤¤" objectid="275" type="MONITOR" value="Injecteur localhost:7100$NeoLoad$lguserloadperpopulation~localhost:7100"/>
<objectids-entry key="¤¤" objectid="276" type="MONITOR" value="Injecteur localhost:7100$NeoLoad$lgthreadcount.localhost:7100"/>
<objectids-entry key="¤¤" objectid="277" type="MONITOR" value="Injecteur localhost:7100$NeoLoad$lg.jetty.httpclient.threadpool.used.localhost:7100"/>
<objectids-entry key="¤¤" objectid="278" type="MONITOR" value="Injecteur localhost:7100$NeoLoad$lg.jetty.httpclient.taskpool.used.localhost:7100"/>
<objectids-entry key="¤¤" objectid="279" type="THRESHOLD" value="Injecteur localhost:7100$NeoLoad$316b049f-c10a-460b-956a-97b6d6622665"/>
<objectids-entry key="¤¤" objectid="280" type="MONITOR" value="Injecteur localhost:7100$NeoLoad$lgdisconnections.localhost:7100"/>
<objectids-entry key="¤¤" objectid="281" type="MONITOR" value="Injecteur localhost:7100$NeoLoad$lgreconnections.localhost:7100"/>
<objectids-entry key="¤¤" objectid="282" type="MONITOR" value="Injecteur localhost:7100$NeoLoad$lgping.localhost:7100"/>
<objectids-entry key="¤¤" objectid="283" type="MONITOR" value="Injecteur localhost:7100$NeoLoad$lgotcp.localhost:7100"/>
<objectids-entry key="¤¤" objectid="284" type="MONITOR" value="Injecteur localhost:7100$NeoLoad$lgtcp.localhost:7100"/>
<objectids-entry key="¤¤" objectid="285" type="MONITOR" value="Injecteur localhost:7100$NeoLoad$lgibytesperinterface~localhost:7100~wlan1"/>
<objectids-entry key="¤¤" objectid="286" type="MONITOR" value="Injecteur localhost:7100$NeoLoad$lgobytesperinterface~localhost:7100~wlan1"/>
<objectids-entry key="¤¤" objectid="287" type="MONITOR" value="Injecteur localhost:7100$NeoLoad$lgibytesperinterface~localhost:7100~eth8"/>
<objectids-entry key="¤¤" objectid="288" type="MONITOR" value="Injecteur localhost:7100$NeoLoad$lgobytesperinterface~localhost:7100~eth8"/>
<objectids-entry key="¤¤" objectid="289" type="MONITOR" value="Injecteur localhost:7100$NeoLoad$lgibytesperinterface~localhost:7100~wlan0"/>
<objectids-entry key="¤¤" objectid="290" type="MONITOR" value="Injecteur localhost:7100$NeoLoad$lgobytesperinterface~localhost:7100~wlan0"/>
<objectids-entry key="¤¤" objectid="291" type="MONITOR" value="Injecteur localhost:7100$NeoLoad$lgibytesperinterface~localhost:7100~eth3"/>
<objectids-entry key="¤¤" objectid="292" type="MONITOR" value="Injecteur localhost:7100$NeoLoad$lgobytesperinterface~localhost:7100~eth3"/>
<objectids-entry key="¤¤" objectid="293" type="MONITOR" value="Injecteur localhost:7100$NeoLoad$lgibytesperinterface~localhost:7100~eth2"/>
<objectids-entry key="¤¤" objectid="294" type="MONITOR" value="Injecteur localhost:7100$NeoLoad$lgobytesperinterface~localhost:7100~eth2"/>
</objectids-table>
<!--****** DURATION ******-->
<duration value="0"/>
<!--****** AGGREGATION PERIOD ******-->
<aggregation-period value="1000"/>
<!--****** EXTENDED STATISTICS ******-->
<truncated-mean centered-interval="true" percentage="90"/>
<percentile percentage="50"/>
</project>
